radio,mcc,mnc,network,lat,lon,range,updated,Tech_Class
GSM,604,1,IAM,35.881728,-5.508767,1151,2024-04-30 06:13:11,Class_B
GSM,604,1,IAM,35.88278,-5.506883,1356,2024-04-30 06:13:07,Class_B
GSM,604,2,inwi,35.885689,-5.506061,8570,2023-12-16 20:11:16,Class_B
GSM,604,2,inwi,35.882266,-5.508397,9111,2023-12-16 19:24:25,Class_B
GSM,604,2,inwi,35.875809,-5.51754,12919,2023-12-16 19:24:22,Class_B
GSM,604,1,IAM,35.788385,-5.804755,1018,2023-10-25 20:21:08,Class_B
GSM,604,1,IAM,35.783878,-5.807893,1000,2023-10-25 20:21:08,Class_B
GSM,604,1,IAM,35.781207,-5.806287,1000,2023-10-25 20:21:08,Class_B
GSM,604,1,IAM,35.790267,-5.804983,1000,2023-10-25 20:21:07,Class_B
GSM,604,1,IAM,35.790273,-5.80511,1000,2023-10-25 20:21:07,Class_B
GSM,604,1,IAM,35.788321,-5.807299,1000,2023-10-25 20:21:07,Class_B
GSM,604,2,inwi,35.790232,-5.805103,1000,2023-10-25 20:21:07,Class_B
GSM,604,1,IAM,35.87444,-5.517623,1600,2023-06-03 17:42:47,Class_B
GSM,604,1,IAM,35.883441,-5.506089,840,2023-06-03 16:38:11,Class_B
GSM,604,1,IAM,35.373323,-6.020931,16589,2023-06-01 15:45:06,Class_B
GSM,604,2,inwi,35.886755,-5.493044,2746,2023-03-19 17:39:37,Class_B
GSM,604,1,IAM,35.203453,-6.082876,16987,2023-03-19 17:29:22,Class_B
GSM,604,2,inwi,35.759037,-5.616378,16356,2023-03-19 15:45:32,Class_B
GSM,604,1,IAM,35.46595,-6.008221,3652,2023-03-06 19:07:29,Class_B
GSM,604,2,inwi,35.83137,-5.55606,5972,2023-03-06 18:04:52,Class_B
GSM,604,2,inwi,35.864915,-5.527625,2501,2023-03-06 18:00:07,Class_B
GSM,604,1,IAM,35.875848,-5.516726,1131,2023-03-06 17:53:31,Class_B
GSM,604,2,inwi,35.879086,-5.51107,3078,2023-03-06 17:10:08,Class_B
UMTS,604,1,IAM,35.615507,-5.960647,1000,2022-10-27 08:34:16,Class_B
UMTS,604,1,IAM,35.520034,-5.990816,1000,2022-10-27 08:28:06,Class_B
UMTS,604,1,IAM,34.941023,-6.202063,2677,2022-10-27 07:49:15,Class_B
UMTS,604,1,IAM,34.921261,-6.203897,1546,2022-10-27 07:47:56,Class_B
GSM,604,0,Orange,34.507122,-6.340138,2001,2022-09-19 10:51:53,Class_B
UMTS,604,1,IAM,34.624055,-6.123077,1759,2022-09-19 10:25:19,Class_B
UMTS,604,1,IAM,34.624603,-6.122179,1015,2022-09-19 10:25:05,Class_B
GSM,604,0,Orange,35.023473,-5.487634,6331,2022-09-17 07:18:02,Class_B
UMTS,604,0,Orange,35.030082,-5.476176,1000,2022-09-17 07:17:32,Class_B
UMTS,604,0,Orange,35.008419,-5.492121,2319,2022-09-17 07:15:42,Class_B
UMTS,604,0,Orange,34.988321,-5.52187,1274,2022-09-17 07:10:43,Class_B
GSM,604,0,Orange,34.984755,-5.541434,1000,2022-09-17 07:07:53,Class_B
GSM,604,0,Orange,34.987245,-5.539309,1000,2022-09-17 07:07:53,Class_B
GSM,604,0,Orange,34.980332,-5.541806,1056,2022-09-17 07:07:53,Class_B
GSM,604,0,Orange,34.978555,-5.54203,1447,2022-09-17 07:07:53,Class_B
GSM,604,0,Orange,34.973639,-5.543064,1379,2022-09-17 07:07:12,Class_B
UMTS,604,0,Orange,34.957827,-5.532536,1000,2022-09-17 07:04:23,Class_B
UMTS,604,0,Orange,34.933558,-5.533979,2304,2022-09-17 07:02:53,Class_B
UMTS,604,0,Orange,34.898917,-5.535908,2327,2022-09-17 06:58:23,Class_B
UMTS,604,0,Orange,34.864837,-5.538458,2723,2022-09-17 06:55:02,Class_B
GSM,604,0,Orange,34.792271,-5.741886,5030,2022-09-17 06:26:41,Class_B
UMTS,604,1,IAM,34.79078,-5.728601,1397,2022-09-17 06:26:23,Class_B
GSM,604,0,Orange,34.792428,-5.744279,4818,2022-09-17 06:26:23,Class_B
GSM,604,0,Orange,34.801515,-5.781082,3321,2022-09-17 06:23:43,Class_B
UMTS,604,1,IAM,34.815803,-5.833531,2162,2022-09-17 06:18:11,Class_B
UMTS,604,1,IAM,34.818281,-5.828013,1491,2022-09-17 06:17:52,Class_B
UMTS,604,1,IAM,34.813675,-5.84586,2052,2022-09-17 06:16:32,Class_B
UMTS,604,1,IAM,34.802533,-5.87203,1241,2022-09-17 06:13:23,Class_B
UMTS,604,1,IAM,34.798941,-5.877544,1000,2022-09-17 06:13:02,Class_B
UMTS,604,1,IAM,34.789001,-5.908618,1829,2022-09-17 06:10:59,Class_B
UMTS,604,1,IAM,34.791572,-5.899583,1000,2022-09-17 06:10:48,Class_B
UMTS,604,1,IAM,34.786232,-5.916994,1000,2022-09-17 06:08:11,Class_B
GSM,604,0,Orange,34.615117,-6.146341,16359,2022-09-17 05:27:52,Class_B
GSM,604,0,Orange,34.616254,-6.14322,12619,2022-09-17 05:27:52,Class_B
UMTS,604,1,IAM,35.152391,-6.134505,1001,2022-05-27 12:13:45,Class_B
UMTS,604,1,IAM,35.152401,-6.134331,1000,2022-05-27 12:13:45,Class_B
UMTS,604,1,IAM,34.849226,-6.224848,1000,2022-05-27 11:53:15,Class_B
UMTS,604,1,IAM,34.848608,-6.224843,1000,2022-05-27 11:53:05,Class_B
UMTS,604,1,IAM,34.849895,-6.225313,1392,2022-05-27 11:53:05,Class_B
UMTS,604,1,IAM,34.849086,-6.225954,1463,2022-05-27 11:53:05,Class_B
UMTS,604,1,IAM,35.452333,-6.021142,1000,2022-05-03 10:29:48,Class_B
UMTS,604,1,IAM,35.498941,-5.987585,1000,2022-05-03 10:26:17,Class_B
UMTS,604,1,IAM,35.499642,-5.992969,1598,2022-05-03 10:26:07,Class_B
GSM,604,1,IAM,35.880593,-5.767111,1000,2022-05-03 09:07:12,Class_B
UMTS,604,1,IAM,35.896376,-5.76309,1000,2022-05-03 09:05:18,Class_B
UMTS,604,1,IAM,34.82185,-6.270515,6092,2022-04-29 14:17:11,Class_B
UMTS,604,1,IAM,34.840437,-6.238411,6378,2022-04-29 14:13:08,Class_B
GSM,604,1,IAM,35.523868,-5.986511,7814,2022-03-21 14:06:01,Class_B
GSM,604,1,IAM,35.879394,-5.514303,1000,2021-10-03 20:41:58,Class_B
GSM,604,1,IAM,35.883545,-5.503246,2008,2021-10-03 19:20:01,Class_B
GSM,604,1,IAM,35.883274,-5.505648,1000,2021-10-03 19:17:01,Class_B
UMTS,604,1,IAM,34.603006,-6.435107,1101,2021-09-26 11:26:04,Class_B
UMTS,604,1,IAM,34.60369,-6.434829,1181,2021-09-26 11:26:04,Class_B
UMTS,604,1,IAM,35.350569,-6.064166,5837,2021-09-25 06:42:08,Class_B
UMTS,604,1,IAM,35.35268,-6.062709,1149,2021-09-25 06:42:08,Class_B
GSM,604,1,IAM,35.678254,-5.927726,1000,2021-09-20 14:36:07,Class_B
GSM,604,2,inwi,35.836829,-5.564121,6327,2020-03-10 13:02:45,Class_B
GSM,604,2,inwi,35.855212,-5.547639,5770,2020-03-10 13:02:45,Class_B
UMTS,604,1,IAM,34.965277,-6.200403,2387,2019-10-06 15:38:50,Class_B
UMTS,604,1,IAM,35.590802,-5.959324,1517,2019-10-06 15:04:27,Class_B
UMTS,604,1,IAM,35.607694,-5.961849,6224,2019-10-06 15:04:10,Class_B
UMTS,604,1,IAM,35.63087,-5.959973,1517,2019-10-06 15:03:24,Class_B
UMTS,604,1,IAM,35.645689,-5.958406,1158,2019-10-06 15:02:48,Class_B
UMTS,604,1,IAM,35.660401,-5.947523,1146,2019-10-06 15:02:00,Class_B
UMTS,604,1,IAM,35.669177,-5.937801,1557,2019-10-06 15:01:06,Class_B
UMTS,604,1,IAM,35.674604,-5.930527,1287,2019-10-06 15:00:28,Class_B
UMTS,604,1,IAM,35.673747,-5.911254,1192,2019-10-06 14:59:50,Class_B
UMTS,604,1,IAM,35.665599,-5.894354,1000,2019-10-06 14:58:18,Class_B
UMTS,604,1,IAM,35.656961,-5.874639,1597,2019-10-06 14:57:18,Class_B
UMTS,604,1,IAM,35.653458,-5.849076,1743,2019-10-06 14:55:22,Class_B
UMTS,604,1,IAM,35.6626,-5.827677,2125,2019-10-06 14:53:35,Class_B
UMTS,604,1,IAM,35.672816,-5.79903,3540,2019-10-06 14:52:46,Class_B
UMTS,604,1,IAM,35.675176,-5.798161,1597,2019-10-06 14:52:08,Class_B
UMTS,604,1,IAM,35.671299,-5.757595,2094,2019-10-06 14:50:21,Class_B
UMTS,604,1,IAM,35.681842,-5.724663,1000,2019-10-06 14:47:55,Class_B
UMTS,604,1,IAM,35.690687,-5.680186,2265,2019-10-06 14:46:13,Class_B
UMTS,604,1,IAM,35.706578,-5.655782,1950,2019-10-06 14:44:40,Class_B
UMTS,604,1,IAM,35.728433,-5.631557,2826,2019-10-06 14:42:58,Class_B
UMTS,604,1,IAM,35.736469,-5.625109,1547,2019-10-06 14:42:00,Class_B
UMTS,604,1,IAM,35.756782,-5.617431,1544,2019-10-06 14:40:04,Class_B
UMTS,604,1,IAM,35.779583,-5.609974,1632,2019-10-06 14:38:42,Class_B
UMTS,604,1,IAM,35.840193,-5.561343,1000,2019-10-06 14:32:47,Class_B
UMTS,604,1,IAM,35.841822,-5.561044,1000,2019-10-06 14:32:30,Class_B
UMTS,604,1,IAM,35.834419,-5.583633,2285,2019-10-06 14:27:46,Class_B
UMTS,604,1,IAM,35.835942,-5.575716,1605,2019-10-06 14:26:22,Class_B
UMTS,604,1,IAM,35.81963,-5.712581,3432,2019-10-06 13:27:29,Class_B
UMTS,604,1,IAM,35.688985,-5.918123,1076,2019-10-05 15:59:39,Class_B
UMTS,604,1,IAM,35.567176,-5.968751,2277,2019-10-05 15:50:01,Class_B
UMTS,604,1,IAM,35.482237,-5.993223,1021,2019-10-05 15:44:23,Class_B
UMTS,604,1,IAM,35.460218,-6.014375,1000,2019-10-05 15:42:52,Class_B
UMTS,604,1,IAM,35.441378,-6.024798,1000,2019-10-05 15:41:38,Class_B
UMTS,604,1,IAM,35.421618,-6.025132,1132,2019-10-05 15:40:33,Class_B
UMTS,604,1,IAM,35.37698,-6.019744,4060,2019-10-05 15:39:32,Class_B
UMTS,604,1,IAM,35.395176,-6.021575,2667,2019-10-05 15:39:24,Class_B
UMTS,604,1,IAM,35.338303,-6.017658,4798,2019-10-05 15:36:39,Class_B
UMTS,604,1,IAM,35.306636,-6.021378,1572,2019-10-05 15:33:54,Class_B
UMTS,604,1,IAM,35.283157,-6.054168,1970,2019-10-05 15:31:39,Class_B
UMTS,604,1,IAM,35.268669,-6.069312,1236,2019-10-05 15:30:29,Class_B
UMTS,604,1,IAM,35.220902,-6.066491,2800,2019-10-05 15:28:30,Class_B
UMTS,604,1,IAM,35.196304,-6.077026,3862,2019-10-05 15:25:59,Class_B
UMTS,604,1,IAM,35.1455,-6.124511,6378,2019-10-05 15:22:22,Class_B
UMTS,604,1,IAM,35.150922,-6.136008,1000,2019-10-05 15:21:47,Class_B
UMTS,604,1,IAM,35.134401,-6.144017,2539,2019-10-05 15:21:01,Class_B
UMTS,604,1,IAM,35.1155,-6.142782,1199,2019-10-05 15:19:19,Class_B
UMTS,604,1,IAM,35.090939,-6.150858,3286,2019-10-05 15:17:52,Class_B
UMTS,604,1,IAM,35.091468,-6.149764,5828,2019-10-05 15:17:18,Class_B
UMTS,604,1,IAM,35.068434,-6.164326,3010,2019-10-05 15:15:43,Class_B
UMTS,604,1,IAM,35.052335,-6.173938,1071,2019-10-05 15:14:36,Class_B
UMTS,604,1,IAM,35.034295,-6.183444,2838,2019-10-05 15:13:29,Class_B
UMTS,604,1,IAM,35.018496,-6.187711,1609,2019-10-05 15:12:50,Class_B
UMTS,604,1,IAM,34.988834,-6.196822,2750,2019-10-05 15:11:13,Class_B
UMTS,604,1,IAM,34.91801,-6.204563,1610,2019-10-05 15:07:02,Class_B
UMTS,604,1,IAM,34.882183,-6.213729,4698,2019-10-05 15:05:15,Class_B
UMTS,604,1,IAM,34.866242,-6.219014,1000,2019-10-05 15:03:34,Class_B
UMTS,604,1,IAM,34.825076,-6.236573,1481,2019-10-05 15:01:22,Class_B
UMTS,604,1,IAM,34.804992,-6.261094,2037,2019-10-05 14:59:40,Class_B
UMTS,604,1,IAM,34.799343,-6.275511,1565,2019-10-05 14:59:01,Class_B
UMTS,604,1,IAM,34.776185,-6.316081,1000,2019-10-05 14:56:11,Class_B
UMTS,604,1,IAM,34.760409,-6.335416,2111,2019-10-05 14:55:14,Class_B
UMTS,604,1,IAM,34.748565,-6.348968,1483,2019-10-05 14:54:19,Class_B
UMTS,604,1,IAM,34.726649,-6.366307,1000,2019-10-05 14:52:26,Class_B
UMTS,604,1,IAM,34.711378,-6.374206,1023,2019-10-05 14:51:35,Class_B
UMTS,604,1,IAM,34.691261,-6.382317,1609,2019-10-05 14:50:41,Class_B
UMTS,604,1,IAM,34.661707,-6.394047,1733,2019-10-05 14:48:55,Class_B
UMTS,604,1,IAM,34.62313,-6.422567,1117,2019-10-05 14:45:57,Class_B
UMTS,604,1,IAM,34.603408,-6.434865,2228,2019-10-05 14:45:24,Class_B
UMTS,604,1,IAM,34.571445,-6.450833,3063,2019-10-05 14:43:16,Class_B
UMTS,604,1,IAM,34.542829,-6.461211,2690,2019-10-05 14:42:01,Class_B
UMTS,604,1,IAM,34.520122,-6.471818,1646,2019-10-05 14:40:09,Class_B
UMTS,604,1,IAM,34.507784,-6.477517,2163,2019-10-05 14:39:53,Class_B
UMTS,604,1,IAM,35.032073,-5.474716,1000,2019-08-21 18:22:36,Class_B
UMTS,604,1,IAM,35.569104,-5.614504,1709,2018-08-29 13:49:35,Class_B
UMTS,604,1,IAM,35.549238,-5.543653,1000,2018-08-29 13:39:08,Class_B
UMTS,604,1,IAM,35.555463,-5.507944,1685,2018-08-29 13:35:44,Class_B
UMTS,604,1,IAM,35.558297,-5.453437,1000,2018-08-29 13:29:32,Class_B
UMTS,604,1,IAM,35.559391,-5.442779,1000,2018-08-29 13:28:29,Class_B
UMTS,604,1,IAM,35.563782,-5.424788,1082,2018-08-29 13:27:24,Class_B
UMTS,604,1,IAM,35.566084,-5.408264,1000,2018-08-29 13:23:29,Class_B
UMTS,604,1,IAM,35.565814,-5.397703,1000,2018-08-29 13:20:06,Class_B
UMTS,604,1,IAM,35.566328,-5.396407,1000,2018-08-29 13:20:02,Class_B
UMTS,604,1,IAM,35.471835,-6.028589,1000,2018-07-26 13:18:15,Class_B
GSM,604,0,Orange,35.582734,-5.346326,1000,2018-04-21 00:42:53,Class_B
GSM,604,1,IAM,35.884106,-5.498808,1000,2018-04-01 18:35:11,Class_B
GSM,604,1,IAM,35.725422,-5.893575,1000,2018-04-01 17:24:52,Class_B
GSM,604,1,IAM,35.725327,-5.89423,1000,2018-04-01 17:21:11,Class_B
GSM,604,1,IAM,35.73899,-5.851993,1000,2018-04-01 17:14:52,Class_B
GSM,604,1,IAM,35.744118,-5.844238,1000,2018-04-01 17:12:00,Class_B
GSM,604,1,IAM,35.74579,-5.849139,1000,2018-04-01 17:11:04,Class_B
UMTS,604,1,IAM,35.77373,-5.835287,2022,2018-03-23 13:02:37,Class_B
UMTS,604,1,IAM,35.773696,-5.843502,1282,2018-03-23 12:35:57,Class_B
GSM,604,1,IAM,34.745837,-4.65589,1000,2018-02-05 00:59:41,Class_B
GSM,604,2,inwi,35.732138,-5.88227,1279,2017-10-28 11:39:44,Class_B
UMTS,604,2,inwi,35.57272,-5.382705,5007,2017-09-28 18:03:42,Class_B
UMTS,604,2,inwi,35.573135,-5.380414,1331,2017-09-28 18:03:26,Class_B
UMTS,604,2,inwi,35.573287,-5.381145,1397,2017-09-28 17:53:49,Class_B
UMTS,604,1,IAM,34.541621,-4.52754,5075,2017-09-28 17:06:12,Class_B
UMTS,604,2,inwi,35.573952,-5.381593,1000,2017-09-28 12:27:43,Class_B
UMTS,604,2,inwi,35.571878,-5.378088,1172,2017-09-28 12:17:31,Class_B
UMTS,604,2,inwi,35.573363,-5.379099,1000,2017-09-28 11:56:00,Class_B
UMTS,604,1,IAM,35.752158,-5.833619,1000,2017-09-20 13:30:07,Class_B
GSM,604,2,inwi,35.759084,-5.848283,9821,2017-09-20 08:26:19,Class_B
UMTS,604,1,IAM,35.748827,-5.83666,1000,2017-09-20 05:00:58,Class_B
UMTS,604,1,IAM,34.793262,-5.888051,1000,2017-09-20 02:22:44,Class_B
UMTS,604,0,Orange,35.743859,-5.8238,1000,2017-09-19 14:48:50,Class_B
GSM,604,1,IAM,35.885998,-5.492834,1663,2017-09-18 15:51:30,Class_B
GSM,604,1,IAM,35.884677,-5.496992,1575,2017-09-18 13:43:27,Class_B
GSM,604,1,IAM,35.8282,-5.562605,12882,2017-09-18 13:31:51,Class_B
GSM,604,1,IAM,35.725956,-5.640406,8378,2017-09-18 13:25:12,Class_B
GSM,604,1,IAM,35.671344,-5.80526,11525,2017-09-18 13:02:18,Class_B
GSM,604,1,IAM,35.169768,-6.143978,2263,2017-09-18 11:35:00,Class_B
GSM,604,1,IAM,35.144803,-6.148881,14957,2017-09-18 11:31:16,Class_B
GSM,604,1,IAM,35.157019,-6.137072,16033,2017-09-18 11:28:34,Class_B
GSM,604,1,IAM,35.136417,-6.146885,10445,2017-09-18 11:25:27,Class_B
GSM,604,1,IAM,35.065375,-6.18377,11190,2017-09-18 11:19:39,Class_B
UMTS,604,0,Orange,35.743879,-5.822304,1000,2017-09-17 16:46:06,Class_B
GSM,604,1,IAM,35.068894,-6.180362,11141,2017-09-17 05:05:54,Class_B
GSM,604,1,IAM,35.151151,-6.149183,8638,2017-09-17 04:48:12,Class_B
GSM,604,1,IAM,35.167105,-6.14379,1000,2017-09-16 13:49:03,Class_B
GSM,604,1,IAM,35.272896,-6.067304,3060,2017-09-16 12:27:55,Class_B
GSM,604,1,IAM,35.345362,-6.016316,9248,2017-09-16 12:20:40,Class_B
GSM,604,1,IAM,35.470746,-6.008222,3200,2017-09-16 12:12:52,Class_B
GSM,604,1,IAM,35.564231,-5.971419,7937,2017-09-16 12:04:16,Class_B
GSM,604,1,IAM,35.738575,-5.625197,9430,2017-09-16 07:23:51,Class_B
UMTS,604,1,IAM,35.56595,-5.396018,1535,2017-05-15 20:25:03,Class_B
UMTS,604,1,IAM,35.564193,-5.394092,1305,2017-05-15 19:56:33,Class_B
UMTS,604,1,IAM,34.793076,-5.888773,1000,2017-05-15 17:30:26,Class_B
UMTS,604,1,IAM,35.566504,-5.396681,1000,2017-05-15 14:54:12,Class_B
UMTS,604,1,IAM,34.793653,-5.886723,1000,2017-05-15 14:36:15,Class_B
UMTS,604,2,inwi,35.761844,-5.848378,1431,2017-05-15 14:04:06,Class_B
GSM,604,2,inwi,35.764106,-5.849965,1000,2017-05-15 13:53:24,Class_B
UMTS,604,2,inwi,35.762409,-5.849476,1000,2017-05-15 13:49:05,Class_B
UMTS,604,1,IAM,35.56636,-5.396491,1000,2017-05-15 13:34:00,Class_B
GSM,604,1,IAM,35.566514,-5.396504,1000,2017-05-15 12:51:06,Class_B
UMTS,604,2,inwi,35.762805,-5.847898,4033,2017-05-15 12:42:58,Class_B
GSM,604,2,inwi,35.761621,-5.849089,1000,2017-05-15 11:25:34,Class_B
GSM,604,2,inwi,35.762887,-5.8498,1193,2017-05-15 10:52:51,Class_B
UMTS,604,1,IAM,34.577984,-5.946979,1000,2017-05-15 01:31:53,Class_B
UMTS,604,1,IAM,34.577463,-5.947989,1000,2017-05-15 00:33:40,Class_B
UMTS,604,1,IAM,35.750057,-5.841045,3420,2017-05-14 21:55:18,Class_B
UMTS,604,1,IAM,35.749094,-5.837351,3075,2017-05-14 21:52:14,Class_B
UMTS,604,1,IAM,35.748313,-5.835159,2859,2017-05-14 21:50:12,Class_B
UMTS,604,1,IAM,35.786187,-5.827794,1000,2017-05-14 21:05:31,Class_B
UMTS,604,1,IAM,35.759477,-5.832562,1000,2017-05-14 16:47:21,Class_B
UMTS,604,1,IAM,35.566443,-5.396054,1000,2017-05-13 22:40:30,Class_B
UMTS,604,1,IAM,35.786624,-5.828667,1000,2017-05-13 21:29:48,Class_B
UMTS,604,2,inwi,35.767222,-5.767156,3133,2017-05-13 17:40:20,Class_B
UMTS,604,2,inwi,35.769334,-5.766706,1000,2017-05-13 17:32:26,Class_B
UMTS,604,2,inwi,35.76864,-5.767478,3182,2017-05-13 16:25:58,Class_B
UMTS,604,1,IAM,35.786709,-5.828673,1000,2017-05-13 14:59:35,Class_B
UMTS,604,2,inwi,35.765397,-5.765898,2597,2017-05-13 14:43:41,Class_B
GSM,604,1,IAM,35.567578,-5.397606,1000,2017-05-13 12:12:25,Class_B
UMTS,604,1,IAM,35.786615,-5.828575,1000,2017-05-13 08:22:46,Class_B
UMTS,604,1,IAM,35.760862,-5.851539,500,2017-05-13 04:28:21,Class_B
UMTS,604,1,IAM,35.76084,-5.851465,1450,2017-05-13 03:57:21,Class_B
UMTS,604,1,IAM,35.760572,-5.851729,1000,2017-05-13 03:56:37,Class_B
GSM,604,2,inwi,35.768819,-5.765424,1096,2017-05-12 20:32:37,Class_B
GSM,604,2,inwi,35.81209,-5.730653,5663,2017-05-12 16:44:15,Class_B
UMTS,604,1,IAM,35.760895,-5.851653,1000,2017-05-12 04:07:10,Class_B
UMTS,604,1,IAM,35.7603,-5.851782,1000,2017-05-12 03:11:37,Class_B
UMTS,604,1,IAM,34.798992,-5.587385,1156,2017-05-08 14:20:13,Class_B
UMTS,604,2,inwi,35.762548,-5.850144,1000,2017-05-08 12:34:44,Class_B
UMTS,604,1,IAM,34.801298,-6.277975,4412,2017-05-08 11:14:20,Class_B
UMTS,604,1,IAM,35.567735,-5.388762,1000,2017-05-08 10:43:51,Class_B
UMTS,604,1,IAM,34.798702,-5.58578,1000,2017-05-08 07:57:55,Class_B
UMTS,604,1,IAM,35.564331,-5.39498,1000,2017-05-08 07:49:16,Class_B
UMTS,604,1,IAM,34.800327,-6.282265,1000,2017-05-08 07:26:31,Class_B
UMTS,604,1,IAM,35.750692,-5.85638,1000,2017-05-08 01:25:14,Class_B
UMTS,604,1,IAM,35.468776,-5.404524,1738,2017-05-07 23:16:47,Class_B
UMTS,604,1,IAM,34.797881,-5.579209,1000,2017-05-07 18:31:36,Class_B
UMTS,604,2,inwi,35.785556,-5.835721,1000,2017-05-07 14:28:59,Class_B
GSM,604,2,inwi,35.605775,-5.922112,3656,2017-05-07 13:39:44,Class_B
GSM,604,2,inwi,35.642323,-5.92583,22928,2017-05-07 13:10:27,Class_B
UMTS,604,1,IAM,35.76926,-5.801251,1000,2017-05-07 08:13:19,Class_B
UMTS,604,1,IAM,35.750632,-5.800369,500,2017-05-07 07:35:02,Class_B
UMTS,604,1,IAM,35.750827,-5.800488,1000,2017-05-07 07:27:28,Class_B
UMTS,604,1,IAM,35.750643,-5.800409,500,2017-05-07 07:26:29,Class_B
UMTS,604,1,IAM,35.741524,-5.867647,1000,2017-05-07 02:09:59,Class_B
UMTS,604,1,IAM,35.741383,-5.86803,1000,2017-05-07 02:07:24,Class_B
UMTS,604,1,IAM,35.741376,-5.867702,1000,2017-05-07 02:06:04,Class_B
UMTS,604,1,IAM,35.741336,-5.86802,1000,2017-05-07 02:02:36,Class_B
GSM,604,2,inwi,35.646783,-5.932106,11251,2017-05-04 17:50:59,Class_B
UMTS,604,1,IAM,34.798936,-5.587105,1000,2017-05-04 13:36:45,Class_B
UMTS,604,1,IAM,34.798346,-5.580546,1269,2017-05-04 11:39:17,Class_B
UMTS,604,1,IAM,34.79698,-5.582683,1000,2017-05-04 09:14:45,Class_B
UMTS,604,1,IAM,35.741356,-5.868006,1000,2017-05-04 01:32:03,Class_B
UMTS,604,2,inwi,35.567072,-5.390782,1000,2017-05-03 21:37:08,Class_B
UMTS,604,2,inwi,35.606242,-5.919695,1000,2017-05-03 17:01:09,Class_B
GSM,604,1,IAM,35.563221,-5.39064,1000,2017-05-03 14:56:49,Class_B
UMTS,604,1,IAM,35.776188,-5.797646,1009,2017-05-03 10:03:32,Class_B
UMTS,604,2,inwi,35.607264,-5.922906,3609,2017-05-02 20:15:48,Class_B
UMTS,604,2,inwi,35.607755,-5.922738,3662,2017-05-02 10:45:02,Class_B
GSM,604,2,inwi,35.659297,-5.909088,6692,2017-05-01 11:29:27,Class_B
GSM,604,2,inwi,35.569484,-5.971282,16610,2017-05-01 11:24:52,Class_B
UMTS,604,1,IAM,35.751477,-5.834189,1000,2017-04-18 18:30:00,Class_B
UMTS,604,1,IAM,35.849622,-5.36924,1000,2017-04-18 18:30:00,Class_B
UMTS,604,1,IAM,35.74273,-5.834478,1000,2017-04-18 18:30:00,Class_B
UMTS,604,1,IAM,34.798986,-5.572634,1000,2017-04-18 18:30:00,Class_B
UMTS,604,1,IAM,35.745553,-5.800701,1000,2017-04-18 18:30:00,Class_B
UMTS,604,1,IAM,34.797707,-5.579518,1000,2017-04-18 18:30:00,Class_B
UMTS,604,1,IAM,35.74325,-5.837127,2029,2017-04-18 18:30:00,Class_B
UMTS,604,1,IAM,35.749737,-5.836624,1000,2017-04-18 18:30:00,Class_B
UMTS,604,0,Orange,35.790939,-5.813828,1000,2017-04-16 22:35:32,Class_B
GSM,604,1,IAM,35.704007,-5.790005,23943,2017-04-16 11:54:22,Class_B
GSM,604,1,IAM,35.741103,-5.624839,9149,2017-04-16 11:54:22,Class_B
UMTS,604,1,IAM,35.7388,-5.833466,1000,2017-04-14 21:04:53,Class_B
GSM,604,1,IAM,35.750198,-5.840977,1191,2017-04-13 16:36:58,Class_B
GSM,604,1,IAM,35.750074,-5.84017,1212,2017-04-13 16:36:56,Class_B
UMTS,604,1,IAM,35.747881,-5.838375,1000,2017-04-13 16:36:36,Class_B
GSM,604,1,IAM,35.788961,-5.830307,1000,2017-04-13 07:09:55,Class_B
UMTS,604,1,IAM,35.850449,-5.353579,1000,2017-04-10 14:34:03,Class_B
GSM,604,1,IAM,35.753632,-5.831955,1000,2017-04-07 15:14:28,Class_B
UMTS,604,1,IAM,35.744476,-5.835915,1000,2017-04-07 15:14:28,Class_B
UMTS,604,1,IAM,35.758332,-5.832103,1000,2017-04-07 15:13:53,Class_B
UMTS,604,1,IAM,35.755692,-5.834427,1000,2017-04-07 15:13:53,Class_B
UMTS,604,1,IAM,35.758144,-5.830699,1000,2017-04-07 15:13:53,Class_B
UMTS,604,1,IAM,35.754424,-5.835906,1000,2017-04-07 15:13:53,Class_B
GSM,604,1,IAM,35.680411,-5.802715,6487,2017-04-07 09:51:14,Class_B
GSM,604,0,Orange,35.881961,-5.514279,10176,2017-04-05 23:19:28,Class_B
GSM,604,0,Orange,35.13078,-6.164128,6123,2017-04-05 23:19:28,Class_B
GSM,604,0,Orange,35.884313,-5.499622,2116,2017-04-05 23:19:28,Class_B
GSM,604,0,Orange,35.092991,-6.192981,10398,2017-04-05 23:19:28,Class_B
GSM,604,0,Orange,35.12508,-6.162655,5500,2017-04-05 23:19:28,Class_B
GSM,604,0,Orange,35.156594,-6.135064,2629,2017-04-05 23:19:28,Class_B
GSM,604,0,Orange,35.136889,-6.15977,6710,2017-04-05 23:19:28,Class_B
GSM,604,0,Orange,35.877228,-5.517609,1000,2017-04-05 23:19:28,Class_B
GSM,604,0,Orange,35.155993,-6.145736,9186,2017-04-05 23:19:28,Class_B
GSM,604,0,Orange,35.974044799805,-5.4265594482422,1000,2017-04-05 23:19:28,Class_B
GSM,604,0,Orange,35.885657,-5.495451,2465,2017-04-05 23:19:28,Class_B
GSM,604,0,Orange,35.122562,-6.171193,5176,2017-04-05 23:19:28,Class_B
GSM,604,1,IAM,35.88474,-5.497377,19893,2017-04-03 01:45:51,Class_B
UMTS,604,0,Orange,35.790024,-5.813736,1000,2017-03-22 07:12:44,Class_B
GSM,604,0,Orange,35.881613,-5.52554,7508,2017-03-19 13:53:27,Class_B
GSM,604,1,IAM,35.125948,-6.149918,19621,2017-03-18 13:09:44,Class_B
GSM,604,1,IAM,35.148626,-6.144274,15495,2017-03-18 13:09:44,Class_B
GSM,604,1,IAM,35.146866,-6.140031,2944,2017-03-18 13:09:44,Class_B
GSM,604,1,IAM,35.159781,-6.144006,2310,2017-03-18 13:09:44,Class_B
GSM,604,1,IAM,35.147546,-6.14082,3691,2017-03-18 13:08:44,Class_B
GSM,604,1,IAM,35.10506,-6.161431,11826,2017-03-18 13:08:44,Class_B
GSM,604,1,IAM,35.296053,-6.030126,8124,2017-03-18 13:00:37,Class_B
GSM,604,1,IAM,35.315155,-6.021922,10373,2017-03-18 13:00:37,Class_B
GSM,604,1,IAM,35.275046,-6.053066,25069,2017-03-18 13:00:37,Class_B
GSM,604,1,IAM,35.342173,-6.020564,13250,2017-03-18 13:00:37,Class_B
GSM,604,1,IAM,35.315593,-6.024914,11550,2017-03-18 12:52:18,Class_B
GSM,604,2,inwi,35.870213,-5.52868,11521,2017-03-16 11:03:25,Class_B
GSM,604,2,inwi,35.845941,-5.632987,11643,2017-03-16 11:03:25,Class_B
GSM,604,1,IAM,35.879393,-5.529369,19120,2017-03-12 17:11:34,Class_B
GSM,604,2,inwi,35.216797,-6.088629,15284,2017-03-06 01:49:34,Class_B
GSM,604,1,IAM,35.866174,-5.531617,9000,2017-02-16 12:45:51,Class_B
GSM,604,1,IAM,35.879288,-5.513568,4367,2017-02-16 12:45:51,Class_B
GSM,604,1,IAM,35.872523,-5.527507,17266,2017-02-16 12:45:51,Class_B
GSM,604,1,IAM,35.872105,-5.520103,4139,2017-02-16 12:45:51,Class_B
GSM,604,1,IAM,35.887634,-5.491978,2847,2017-02-16 12:43:28,Class_B
GSM,604,1,IAM,35.880295,-5.504567,19115,2017-02-16 12:43:28,Class_B
GSM,604,1,IAM,35.884941,-5.503176,10784,2017-02-16 12:43:28,Class_B
GSM,604,1,IAM,35.680802,-5.918106,2447,2017-02-09 15:30:32,Class_B
GSM,604,1,IAM,35.671675,-5.934432,4605,2017-02-09 15:30:32,Class_B
GSM,604,1,IAM,35.673299,-5.905108,6843,2017-02-09 15:30:32,Class_B
GSM,604,0,Orange,35.884396,-5.498658,2220,2017-02-05 14:05:33,Class_B
GSM,604,1,IAM,35.365372,-6.015318,5922,2017-02-04 03:34:09,Class_B
GSM,604,1,IAM,35.480826,-6.000558,12015,2017-02-04 03:34:09,Class_B
GSM,604,2,inwi,35.652071,-5.856025,2021,2017-02-04 03:34:09,Class_B
GSM,604,2,inwi,35.303194,-6.039327,7382,2017-02-04 03:34:09,Class_B
GSM,604,2,inwi,35.663396,-5.842774,18915,2017-02-04 03:34:09,Class_B
GSM,604,0,Orange,35.807877,-5.570068,1000,2017-02-02 19:25:39,Class_B
GSM,604,0,Orange,35.78727722168,-5.8138275146484,1000,2017-02-02 19:25:39,Class_B
GSM,604,1,IAM,35.840636,-5.565469,16640,2017-01-31 11:54:56,Class_B
GSM,604,1,IAM,35.858691,-5.531059,15790,2017-01-31 11:54:56,Class_B
GSM,604,1,IAM,35.86773,-5.524296,7473,2017-01-31 11:54:56,Class_B
GSM,604,1,IAM,35.87702,-5.514873,19004,2017-01-31 11:47:42,Class_B
GSM,604,1,IAM,35.885907,-5.495582,2938,2017-01-31 11:47:42,Class_B
GSM,604,1,IAM,35.886945,-5.492375,2776,2017-01-31 11:41:03,Class_B
GSM,604,1,IAM,35.892377,-5.482285,1275,2017-01-31 11:38:27,Class_B
GSM,604,1,IAM,35.164404,-6.144218,2821,2017-01-24 11:27:01,Class_B
GSM,604,1,IAM,35.145861,-6.161373,7426,2017-01-24 11:27:01,Class_B
GSM,604,1,IAM,35.836716,-5.358009,1000,2017-01-16 16:36:13,Class_B
GSM,604,2,inwi,35.871422,-5.524332,7303,2017-01-06 06:16:07,Class_B
GSM,604,1,IAM,35.866471,-5.359039,3143,2016-12-24 14:37:01,Class_B
GSM,604,1,IAM,35.868302,-5.393601,1837,2016-12-24 14:37:01,Class_B
GSM,604,1,IAM,35.864097,-5.412227,4496,2016-12-24 14:37:01,Class_B
GSM,604,2,inwi,35.657242,-5.947085,5863,2016-12-24 05:18:53,Class_B
UMTS,604,1,IAM,35.588245,-5.338953,1000,2016-12-20 16:45:13,Class_B
GSM,604,0,Orange,35.585796,-5.342691,1000,2016-12-19 06:58:09,Class_B
GSM,604,0,Orange,35.582542,-5.345535,1000,2016-12-19 06:58:09,Class_B
GSM,604,0,Orange,35.582657,-5.345482,1000,2016-12-19 06:58:09,Class_B
GSM,604,0,Orange,35.582586,-5.345535,1000,2016-12-19 06:58:09,Class_B
GSM,604,0,Orange,35.582635,-5.344273,1000,2016-12-19 06:58:09,Class_B
GSM,604,0,Orange,35.582657,-5.344586,1000,2016-12-19 06:58:09,Class_B
GSM,604,0,Orange,35.582722,-5.345535,1000,2016-12-19 06:58:09,Class_B
GSM,604,0,Orange,35.585298,-5.340676,1000,2016-12-15 06:18:11,Class_B
GSM,604,0,Orange,35.58303,-5.342857,1000,2016-12-15 06:18:11,Class_B
GSM,604,0,Orange,35.584002,-5.340294,1000,2016-12-15 06:18:11,Class_B
GSM,604,0,Orange,35.582657,-5.345101,1000,2016-12-14 13:06:57,Class_B
GSM,604,1,IAM,34.744467,-6.321941,20898,2016-12-13 19:17:24,Class_B
GSM,604,1,IAM,34.741382,-6.344572,11266,2016-12-13 19:17:24,Class_B
GSM,604,1,IAM,34.847065,-6.242393,11656,2016-12-13 19:17:24,Class_B
GSM,604,1,IAM,34.78166,-6.312101,11794,2016-12-13 19:17:20,Class_B
GSM,604,1,IAM,34.860034,-6.217465,11939,2016-12-13 19:09:53,Class_B
GSM,604,1,IAM,34.859075,-6.237086,9915,2016-12-13 19:09:53,Class_B
GSM,604,1,IAM,34.861011,-6.22997,10492,2016-12-13 19:09:53,Class_B
GSM,604,1,IAM,34.863446,-6.231843,9797,2016-12-13 19:09:49,Class_B
GSM,604,1,IAM,34.890939,-6.172376,10148,2016-12-13 19:01:49,Class_B
GSM,604,1,IAM,34.956803,-6.203716,18275,2016-12-13 19:01:49,Class_B
GSM,604,1,IAM,34.958966,-6.200518,5111,2016-12-13 19:01:49,Class_B
GSM,604,1,IAM,34.938439,-6.203989,8987,2016-12-13 19:01:45,Class_B
GSM,604,1,IAM,35.130986,-6.142753,13653,2016-12-13 18:45:11,Class_B
GSM,604,1,IAM,35.156371,-6.142125,1957,2016-12-13 18:43:31,Class_B
GSM,604,1,IAM,35.125983,-6.158648,8771,2016-12-13 18:22:54,Class_B
GSM,604,1,IAM,35.20005,-6.087904,12673,2016-12-13 18:07:48,Class_B
GSM,604,1,IAM,35.255127,-6.067494,3149,2016-12-13 18:07:48,Class_B
GSM,604,1,IAM,35.423242,-6.01342,8274,2016-12-13 17:52:40,Class_B
GSM,604,1,IAM,35.394956,-6.017242,12746,2016-12-13 17:52:40,Class_B
GSM,604,1,IAM,35.440242,-6.014587,7811,2016-12-13 17:45:06,Class_B
GSM,604,1,IAM,35.50707,-5.986527,19164,2016-12-13 17:45:03,Class_B
GSM,604,1,IAM,35.665975,-5.927105,10804,2016-12-13 17:30:06,Class_B
GSM,604,1,IAM,35.735781,-5.627068,9753,2016-12-13 17:02:47,Class_B
GSM,604,1,IAM,35.845071,-5.562298,16074,2016-12-13 16:57:26,Class_B
GSM,604,1,IAM,35.887119,-5.49196,3671,2016-12-13 16:32:05,Class_B
UMTS,604,0,Orange,35.590896606445,-5.3318023681641,1000,2016-12-12 09:51:39,Class_B
GSM,604,0,Orange,35.582657,-5.345398,1000,2016-12-11 09:10:42,Class_B
UMTS,604,1,IAM,35.584415,-5.350424,1000,2016-12-09 18:55:51,Class_B
GSM,604,0,Orange,35.584209,-5.339146,1000,2016-12-08 04:13:01,Class_B
GSM,604,0,Orange,35.58403,-5.339398,1000,2016-12-08 04:13:01,Class_B
UMTS,604,0,Orange,35.758438,-5.828578,1000,2016-12-06 17:16:52,Class_B
GSM,604,1,IAM,35.862259,-5.355835,2505,2016-12-04 03:05:28,Class_B
GSM,604,1,IAM,35.891598,-5.484777,2023,2016-11-28 19:52:44,Class_B
UMTS,604,0,Orange,35.787827,-5.813828,1000,2016-11-28 10:11:51,Class_B
UMTS,604,0,Orange,35.584030151367,-5.3400421142578,1000,2016-11-23 04:13:24,Class_B
GSM,604,2,inwi,35.668509,-5.806592,5315,2016-11-21 23:35:59,Class_B
GSM,604,1,IAM,35.066823,-6.165438,26201,2016-11-21 08:26:48,Class_B
GSM,604,1,IAM,34.992585,-6.191931,8874,2016-11-21 08:26:48,Class_B
UMTS,604,0,Orange,35.58403,-5.339846,1000,2016-11-18 07:38:01,Class_B
GSM,604,2,inwi,35.673801,-5.92145,3914,2016-11-17 15:44:41,Class_B
GSM,604,2,inwi,35.651501,-5.934592,6570,2016-11-17 15:44:41,Class_B
UMTS,604,0,Orange,35.590897,-5.331601,1000,2016-11-17 06:25:00,Class_B
UMTS,604,0,Orange,35.587151,-5.347907,1000,2016-11-16 07:28:53,Class_B
UMTS,604,0,Orange,35.584239,-5.340042,1000,2016-11-16 07:28:53,Class_B
GSM,604,1,IAM,35.672687,-5.912195,9396,2016-11-15 23:29:35,Class_B
UMTS,604,0,Orange,35.759408,-5.831196,1000,2016-11-13 16:41:56,Class_B
GSM,604,0,Orange,35.179284,-5.283737,1007,2016-11-12 12:09:52,Class_B
UMTS,604,0,Orange,35.58392,-5.350919,1000,2016-11-12 04:24:18,Class_B
GSM,604,2,inwi,35.137927,-6.155968,7200,2016-11-11 08:47:41,Class_B
GSM,604,2,inwi,35.139416,-6.157946,17679,2016-11-11 08:47:41,Class_B
GSM,604,0,Orange,35.586456,-5.336563,1000,2016-11-10 12:58:05,Class_B
GSM,604,2,inwi,35.158472,-6.141102,4495,2016-11-09 18:15:04,Class_B
GSM,604,0,Orange,35.912797,-5.500161,8983,2016-11-09 02:01:55,Class_B
GSM,604,0,Orange,35.582314,-5.345535,1000,2016-11-07 17:22:06,Class_B
UMTS,604,0,Orange,35.586696,-5.335276,1000,2016-11-05 18:36:34,Class_B
GSM,604,0,Orange,35.880073,-5.511116,2963,2016-11-03 14:27:58,Class_B
UMTS,604,1,IAM,35.585266,-5.333588,1000,2016-10-30 12:43:41,Class_B
UMTS,604,1,IAM,35.578412,-5.32531,1000,2016-10-29 17:01:23,Class_B
GSM,604,1,IAM,35.589798,-5.339767,1000,2016-10-28 03:52:48,Class_B
UMTS,604,0,Orange,35.585778,-5.335922,1000,2016-10-26 19:19:37,Class_B
GSM,604,1,IAM,35.667746,-5.735391,14408,2016-10-23 04:34:03,Class_B
UMTS,604,1,IAM,35.562057495117,-5.3730010986328,1000,2016-10-23 04:33:22,Class_B
GSM,604,1,IAM,35.655478,-5.931416,14766,2016-10-19 14:47:22,Class_B
GSM,604,1,IAM,35.629899,-5.949307,6265,2016-10-19 14:47:22,Class_B
GSM,604,1,IAM,35.479349,-6.003158,5021,2016-10-19 14:47:22,Class_B
GSM,604,0,Orange,35.88682,-5.495063,8172,2016-10-18 08:42:20,Class_B
GSM,604,0,Orange,35.881466,-5.506261,6199,2016-10-18 08:42:20,Class_B
GSM,604,2,inwi,35.870749,-5.52237,8827,2016-10-10 14:53:43,Class_B
GSM,604,2,inwi,35.883222,-5.505056,8970,2016-10-10 14:53:43,Class_B
GSM,604,2,inwi,35.892174,-5.484014,6206,2016-10-10 14:53:43,Class_B
GSM,604,2,inwi,35.890068,-5.485283,3578,2016-10-10 14:53:43,Class_B
GSM,604,2,inwi,35.885573,-5.494538,5214,2016-10-10 14:53:43,Class_B
GSM,604,1,IAM,35.676771,-5.782605,9405,2016-10-10 11:10:56,Class_B
GSM,604,1,IAM,35.617513,-5.954103,7569,2016-10-10 10:47:57,Class_B
GSM,604,1,IAM,35.600618,-5.953805,12468,2016-10-10 10:47:57,Class_B
GSM,604,1,IAM,35.585257,-5.967057,16389,2016-10-10 10:47:53,Class_B
GSM,604,1,IAM,35.451228,-6.015755,8605,2016-10-10 10:32:07,Class_B
GSM,604,1,IAM,35.437002,-6.021281,5493,2016-10-10 10:32:07,Class_B
GSM,604,1,IAM,34.875053,-6.257543,3771,2016-10-10 06:12:07,Class_B
GSM,604,1,IAM,34.861291,-6.233111,7412,2016-10-10 06:12:07,Class_B
GSM,604,1,IAM,34.864825,-6.225496,8316,2016-10-10 06:12:03,Class_B
GSM,604,1,IAM,34.871091,-6.227295,10850,2016-10-10 06:09:59,Class_B
GSM,604,1,IAM,34.840467,-6.185997,11554,2016-10-10 06:09:59,Class_B
GSM,604,1,IAM,34.849131,-6.261886,13626,2016-10-10 04:37:20,Class_B
GSM,604,1,IAM,34.875643,-6.273191,5923,2016-10-09 08:25:28,Class_B
GSM,604,1,IAM,35.882888,-5.483559,7997,2016-10-09 08:08:44,Class_B
GSM,604,2,inwi,35.732706,-5.633416,9769,2016-10-09 08:08:44,Class_B
GSM,604,1,IAM,34.944334,-6.202386,8481,2016-10-09 07:43:24,Class_B
GSM,604,1,IAM,34.981534,-6.197783,11571,2016-10-09 07:43:20,Class_B
GSM,604,1,IAM,35.092656,-6.167293,8637,2016-10-09 07:35:22,Class_B
GSM,604,1,IAM,35.031841,-6.177366,12258,2016-10-09 07:35:22,Class_B
GSM,604,1,IAM,35.151247,-6.144251,3338,2016-10-09 07:28:07,Class_B
GSM,604,1,IAM,35.093914,-6.17233,23717,2016-10-09 07:28:07,Class_B
GSM,604,0,Orange,35.88507,-5.491899,1938,2016-10-09 03:38:32,Class_B
GSM,604,1,IAM,35.145765,-6.144108,8962,2016-10-08 09:27:17,Class_B
GSM,604,1,IAM,34.715062,-6.361062,25611,2016-10-08 06:27:34,Class_B
GSM,604,1,IAM,34.646698,-6.406721,10018,2016-10-08 06:19:27,Class_B
GSM,604,1,IAM,34.604189,-6.431816,7248,2016-10-08 06:11:26,Class_B
GSM,604,1,IAM,34.578182,-6.445294,11511,2016-10-08 06:11:26,Class_B
GSM,604,1,IAM,34.569168,-6.45166,3163,2016-10-08 06:11:23,Class_B
UMTS,604,1,IAM,35.563959,-5.394551,1217,2016-10-03 15:23:08,Class_B
GSM,604,2,inwi,35.134121,-6.162058,18375,2016-09-30 12:47:22,Class_B
GSM,604,2,inwi,35.118533,-6.179593,8240,2016-09-30 12:47:22,Class_B
GSM,604,2,inwi,35.148824,-6.155085,16637,2016-09-30 12:47:22,Class_B
GSM,604,2,inwi,35.103283,-6.18616,8316,2016-09-30 12:47:22,Class_B
GSM,604,2,inwi,35.133983,-6.163592,6377,2016-09-30 12:47:22,Class_B
GSM,604,2,inwi,35.090618,-6.193795,9915,2016-09-26 08:00:03,Class_B
GSM,604,2,inwi,35.159654,-6.144761,1997,2016-09-26 08:00:03,Class_B
GSM,604,2,inwi,35.095896,-6.193373,10185,2016-09-26 08:00:03,Class_B
GSM,604,1,IAM,35.939713,-5.333173,5053,2016-09-20 15:11:47,Class_B
UMTS,604,1,IAM,34.798508,-5.577347,1000,2016-09-18 11:45:03,Class_B
UMTS,604,0,Orange,35.582657,-5.344373,1000,2016-09-13 13:17:44,Class_B
GSM,604,1,IAM,35.883221,-5.489637,5382,2016-09-11 11:25:15,Class_B
GSM,604,2,inwi,35.675685,-5.749165,6944,2016-09-11 11:25:13,Class_B
GSM,604,2,inwi,35.701973,-5.671796,8736,2016-09-11 11:25:13,Class_B
GSM,604,2,inwi,35.665895,-5.800012,8848,2016-09-11 11:25:13,Class_B
GSM,604,2,inwi,35.692665,-5.674186,1850,2016-09-11 11:25:13,Class_B
GSM,604,2,inwi,35.694571,-5.685944,8551,2016-09-11 11:25:13,Class_B
GSM,604,2,inwi,35.692209,-5.678622,4036,2016-09-11 11:25:13,Class_B
GSM,604,2,inwi,35.686425,-5.695122,5201,2016-09-11 11:25:13,Class_B
GSM,604,2,inwi,35.699792,-5.665838,5123,2016-09-11 11:25:13,Class_B
GSM,604,2,inwi,35.688501,-5.699359,8622,2016-09-11 11:25:13,Class_B
GSM,604,2,inwi,35.880973,-5.333606,10036,2016-09-03 16:59:12,Class_B
GSM,604,2,inwi,35.618638,-5.96581,9563,2016-09-03 16:58:45,Class_B
GSM,604,2,inwi,35.658124,-5.940369,8842,2016-09-03 16:58:43,Class_B
GSM,604,2,inwi,35.886392,-5.494138,2609,2016-08-30 15:19:40,Class_B
GSM,604,2,inwi,35.886793,-5.493165,2977,2016-08-30 15:19:40,Class_B
GSM,604,2,inwi,35.883714,-5.499651,19931,2016-08-30 15:19:40,Class_B
GSM,604,2,inwi,35.887126,-5.492194,2817,2016-08-30 15:19:40,Class_B
GSM,604,2,inwi,35.88703,-5.492856,2705,2016-08-30 15:19:40,Class_B
GSM,604,2,inwi,35.88707,-5.490889,5006,2016-08-30 15:19:40,Class_B
GSM,604,0,Orange,35.8879,-5.488472,3104,2016-08-30 15:19:40,Class_B
GSM,604,2,inwi,35.878295,-5.511559,3272,2016-08-30 14:14:51,Class_B
GSM,604,2,inwi,35.881226,-5.507303,8248,2016-08-30 14:14:51,Class_B
GSM,604,1,IAM,35.722861,-5.643672,7942,2016-08-30 13:37:21,Class_B
GSM,604,1,IAM,35.132545,-6.137269,6776,2016-08-30 10:08:34,Class_B
GSM,604,2,inwi,35.150409,-6.149426,8483,2016-08-30 10:08:34,Class_B
GSM,604,2,inwi,35.153495,-6.144348,12422,2016-08-30 10:08:34,Class_B
GSM,604,0,Orange,35.144426,-6.154741,7661,2016-08-30 10:08:34,Class_B
GSM,604,2,inwi,35.142763,-6.156129,17273,2016-08-30 10:08:34,Class_B
GSM,604,2,inwi,35.146601,-6.141538,4103,2016-08-30 10:08:34,Class_B
GSM,604,0,Orange,35.116761,-6.177449,6015,2016-08-30 10:08:34,Class_B
GSM,604,0,Orange,35.129177,-6.166496,5854,2016-08-30 10:08:34,Class_B
GSM,604,0,Orange,35.152703,-6.14794,8966,2016-08-30 10:08:34,Class_B
GSM,604,2,inwi,35.790153,-5.611588,12590,2016-08-29 18:18:48,Class_B
UMTS,604,1,IAM,35.753262,-5.816574,1000,2016-08-21 10:03:10,Class_B
GSM,604,2,inwi,35.619007,-5.921173,7987,2016-08-16 11:11:16,Class_B
GSM,604,2,inwi,35.51028,-5.990324,7204,2016-08-08 18:22:40,Class_B
GSM,604,2,inwi,35.515366,-5.987504,10397,2016-08-08 18:22:40,Class_B
GSM,604,2,inwi,35.624993,-5.909339,7771,2016-08-08 18:22:38,Class_B
GSM,604,2,inwi,35.580339,-5.961628,4076,2016-08-08 18:22:38,Class_B
GSM,604,2,inwi,35.454843,-6.015506,1953,2016-08-08 18:22:34,Class_B
GSM,604,2,inwi,35.419111,-6.015458,21930,2016-08-08 18:22:34,Class_B
GSM,604,2,inwi,35.420054,-6.020033,10807,2016-08-08 18:22:34,Class_B
GSM,604,2,inwi,35.480668,-6.001367,22830,2016-08-08 18:22:34,Class_B
GSM,604,2,inwi,35.458342,-6.013218,6303,2016-08-08 18:22:34,Class_B
GSM,604,2,inwi,35.483879,-5.996136,10221,2016-08-08 18:22:34,Class_B
GSM,604,2,inwi,35.467072,-6.006089,2587,2016-08-08 18:22:34,Class_B
GSM,604,2,inwi,35.471813,-6.003637,2700,2016-08-08 18:22:34,Class_B
GSM,604,2,inwi,35.623532,-5.961093,5618,2016-08-08 18:22:29,Class_B
GSM,604,2,inwi,35.659068,-5.844614,5972,2016-08-08 18:22:29,Class_B
GSM,604,2,inwi,35.673157,-5.927673,2818,2016-08-08 18:22:29,Class_B
GSM,604,2,inwi,35.65819,-5.850367,7156,2016-08-08 18:22:29,Class_B
GSM,604,2,inwi,35.673937,-5.775192,4746,2016-08-08 18:22:23,Class_B
GSM,604,2,inwi,35.66936,-5.790117,4524,2016-08-08 18:22:23,Class_B
GSM,604,2,inwi,35.673229,-5.765116,9336,2016-08-08 18:22:23,Class_B
GSM,604,2,inwi,35.719688,-5.645134,7187,2016-08-08 18:22:18,Class_B
GSM,604,2,inwi,35.74019,-5.626006,5655,2016-08-08 18:22:18,Class_B
GSM,604,2,inwi,35.77717,-5.606418,14183,2016-08-08 18:22:13,Class_B
GSM,604,2,inwi,35.811063,-5.569437,2339,2016-08-08 18:22:13,Class_B
GSM,604,2,inwi,35.760729,-5.615393,12045,2016-08-08 18:22:13,Class_B
GSM,604,2,inwi,35.805774,-5.571771,11129,2016-08-08 18:22:13,Class_B
GSM,604,2,inwi,35.869733,-5.523563,8218,2016-08-08 18:22:08,Class_B
GSM,604,2,inwi,35.854647,-5.539767,14213,2016-08-08 18:22:08,Class_B
GSM,604,2,inwi,35.828435,-5.557567,7183,2016-08-08 18:22:08,Class_B
GSM,604,2,inwi,35.820153,-5.563723,3345,2016-08-08 18:22:08,Class_B
GSM,604,2,inwi,35.822278,-5.562914,11096,2016-08-08 18:22:08,Class_B
GSM,604,1,IAM,35.862386,-5.348282,1801,2016-08-05 15:31:16,Class_B
GSM,604,0,Orange,35.582591,-5.344751,1000,2016-08-04 06:49:44,Class_B
GSM,604,0,Orange,35.102558,-6.181192,7017,2016-08-03 14:57:21,Class_B
GSM,604,0,Orange,35.104207,-6.183531,9771,2016-08-03 14:57:21,Class_B
GSM,604,2,inwi,35.872598,-5.521195,4466,2016-08-03 09:45:29,Class_B
GSM,604,2,inwi,35.375351,-6.019606,7040,2016-08-02 05:22:53,Class_B
GSM,604,2,inwi,35.324387,-6.017716,5202,2016-08-02 05:22:53,Class_B
GSM,604,2,inwi,35.360102,-6.017624,16283,2016-08-02 05:22:53,Class_B
GSM,604,2,inwi,35.328598,-6.016686,19867,2016-08-02 05:22:53,Class_B
GSM,604,2,inwi,35.166749,-6.134918,30362,2016-08-02 05:07:53,Class_B
GSM,604,2,inwi,35.170599,-6.120428,21173,2016-08-02 05:07:53,Class_B
GSM,604,0,Orange,35.124653,-6.172156,5151,2016-08-02 02:24:39,Class_B
GSM,604,0,Orange,35.118192,-6.177234,5867,2016-08-02 02:24:39,Class_B
GSM,604,0,Orange,35.086031,-6.201818,1000,2016-08-02 02:24:39,Class_B
GSM,604,0,Orange,35.123254,-6.170249,5118,2016-08-02 02:24:39,Class_B
GSM,604,1,IAM,35.119567,-6.168839,17300,2016-08-02 02:24:39,Class_B
GSM,604,2,inwi,35.088114,-6.198354,19958,2016-08-02 02:24:39,Class_B
GSM,604,2,inwi,35.089872,-6.197218,5722,2016-08-02 02:24:39,Class_B
GSM,604,2,inwi,35.088158,-6.198464,2824,2016-08-02 01:54:38,Class_B
GSM,604,2,inwi,35.161841,-6.146883,1000,2016-08-01 12:56:42,Class_B
GSM,604,2,inwi,35.153202,-6.151497,8579,2016-08-01 12:56:38,Class_B
GSM,604,2,inwi,35.163526,-6.143784,28602,2016-08-01 12:02:47,Class_B
GSM,604,2,inwi,35.269132,-6.065877,20755,2016-08-01 12:02:47,Class_B
GSM,604,2,inwi,35.28179,-6.057932,21157,2016-08-01 12:02:43,Class_B
GSM,604,2,inwi,35.426842,-6.017607,9461,2016-08-01 11:47:43,Class_B
GSM,604,1,IAM,35.16552,-6.145134,1000,2016-07-31 08:44:30,Class_B
GSM,604,1,IAM,35.673569,-5.927948,2854,2016-07-29 13:19:54,Class_B
GSM,604,1,IAM,35.825483,-5.556547,11442,2016-07-28 11:20:33,Class_B
UMTS,604,1,IAM,35.585953,-5.34993,1000,2016-07-26 09:39:25,Class_B
GSM,604,0,Orange,35.874972,-5.51903,8603,2016-07-20 09:43:27,Class_B
GSM,604,1,IAM,35.873731,-5.51819,3598,2016-07-20 09:43:27,Class_B
GSM,604,1,IAM,35.877879,-5.512792,3179,2016-07-20 08:16:46,Class_B
GSM,604,1,IAM,35.416364,-6.020571,6170,2016-07-19 12:17:12,Class_B
GSM,604,1,IAM,35.293491,-6.050218,12310,2016-07-19 12:02:12,Class_B
GSM,604,1,IAM,35.155015,-6.149188,8860,2016-07-19 11:26:01,Class_B
GSM,604,2,inwi,35.158665,-6.147082,11066,2016-07-19 11:26:01,Class_B
GSM,604,0,Orange,35.086761,-6.19986,1000,2016-07-19 11:26:01,Class_B
GSM,604,2,inwi,35.116833,-6.175688,22600,2016-07-19 11:26:01,Class_B
GSM,604,2,inwi,35.154942,-6.148044,15732,2016-07-19 11:26:01,Class_B
GSM,604,0,Orange,35.111496,-6.178635,8341,2016-07-19 09:30:56,Class_B
GSM,604,0,Orange,35.146003,-6.151104,7921,2016-07-19 09:30:56,Class_B
GSM,604,2,inwi,35.289532,-6.047433,8759,2016-07-19 07:43:52,Class_B
GSM,604,2,inwi,35.27623,-6.062943,2684,2016-07-19 07:43:49,Class_B
GSM,604,2,inwi,35.87183,-5.52668,11616,2016-07-18 10:02:35,Class_B
GSM,604,2,inwi,35.859892,-5.532568,6862,2016-07-18 10:02:35,Class_B
GSM,604,0,Orange,35.87764,-5.516059,3338,2016-07-18 10:02:35,Class_B
GSM,604,2,inwi,35.864829,-5.530263,31852,2016-07-18 10:02:35,Class_B
GSM,604,1,IAM,34.501379,-6.479132,12253,2016-07-18 07:54:41,Class_B
GSM,604,2,inwi,35.87986,-5.332489,1127,2016-07-13 16:09:57,Class_B
GSM,604,2,inwi,35.879154,-5.331636,5594,2016-07-13 16:09:57,Class_B
GSM,604,2,inwi,34.794677,-5.565985,1000,2016-07-09 11:39:46,Class_B
GSM,604,1,IAM,35.885853,-5.493323,2612,2016-06-29 08:36:33,Class_B
GSM,604,2,inwi,35.288308,-6.053792,26287,2016-06-28 05:50:08,Class_B
GSM,604,0,Orange,35.086302,-6.201334,1000,2016-06-28 04:15:48,Class_B
GSM,604,2,inwi,35.287506,-6.048348,8998,2016-06-27 12:28:38,Class_B
GSM,604,2,inwi,35.244396,-6.082694,20491,2016-06-27 12:28:34,Class_B
GSM,604,2,inwi,35.352653,-6.061833,32334,2016-06-27 12:13:38,Class_B
GSM,604,1,IAM,35.865327,-5.525669,5245,2016-06-25 01:31:13,Class_B
GSM,604,1,IAM,35.869411,-5.52285,4568,2016-06-25 01:31:13,Class_B
GSM,604,1,IAM,35.835968,-5.551534,6185,2016-06-25 01:25:48,Class_B
GSM,604,1,IAM,35.858804,-5.533183,3460,2016-06-25 01:25:44,Class_B
GSM,604,1,IAM,35.823624,-5.561785,4650,2016-06-25 01:24:49,Class_B
GSM,604,1,IAM,35.686871,-5.709625,9937,2016-06-25 01:14:02,Class_B
GSM,604,1,IAM,35.674516,-5.760178,18690,2016-06-25 01:05:20,Class_B
GSM,604,1,IAM,34.710345,-6.36851,7850,2016-06-24 12:22:25,Class_B
GSM,604,1,IAM,35.26844,-6.05253,84367,2016-06-24 12:14:17,Class_B
GSM,604,1,IAM,35.222739,-6.091709,18016,2016-06-23 10:36:17,Class_B
GSM,604,1,IAM,35.884595,-5.496597,1652,2016-06-23 09:10:00,Class_B
GSM,604,1,IAM,35.866379,-5.524064,2065,2016-06-23 08:28:48,Class_B
UMTS,604,0,Orange,35.586028,-5.347658,1000,2016-06-21 11:08:30,Class_B
GSM,604,1,IAM,35.163804,-6.140934,7522,2016-06-13 13:02:07,Class_B
GSM,604,0,Orange,35.14879,-6.154868,8065,2016-06-13 13:02:07,Class_B
GSM,604,2,inwi,35.145643,-6.157941,7816,2016-06-13 13:02:07,Class_B
GSM,604,2,inwi,35.156098,-6.149065,8905,2016-06-13 13:02:07,Class_B
GSM,604,2,inwi,35.159546,-6.145271,1277,2016-06-13 13:02:07,Class_B
GSM,604,2,inwi,35.147111,-6.150503,8054,2016-06-13 13:02:07,Class_B
GSM,604,2,inwi,35.131647,-6.144888,30242,2016-06-13 12:03:23,Class_B
GSM,604,2,inwi,35.415852,-6.017913,10499,2016-06-13 11:30:44,Class_B
GSM,604,1,IAM,35.814262,-5.564674,11528,2016-06-04 02:41:18,Class_B
GSM,604,1,IAM,35.807146,-5.571403,9521,2016-06-04 02:41:18,Class_B
GSM,604,1,IAM,35.673302,-5.758457,7783,2016-06-04 02:20:37,Class_B
GSM,604,1,IAM,34.868982,-6.221469,18109,2016-06-04 00:52:51,Class_B
GSM,604,1,IAM,35.790625,-5.588774,17528,2016-05-25 13:11:04,Class_B
GSM,604,1,IAM,35.159812,-6.125264,10761,2016-05-25 07:54:17,Class_B
GSM,604,1,IAM,35.428391,-6.012651,8807,2016-05-25 07:28:37,Class_B
GSM,604,1,IAM,35.673069,-5.795518,5106,2016-05-25 07:00:59,Class_B
GSM,604,1,IAM,35.668526,-5.820957,10419,2016-05-25 07:00:59,Class_B
GSM,604,1,IAM,35.681897,-5.719938,8258,2016-05-25 06:53:13,Class_B
UMTS,604,1,IAM,35.195494,-6.154826,1000,2016-05-22 18:04:02,Class_B
UMTS,604,1,IAM,35.196762,-6.151932,1000,2016-05-22 18:04:02,Class_B
GSM,604,1,IAM,35.321233,-6.000521,39618,2016-05-16 12:56:24,Class_B
GSM,604,2,inwi,35.660831,-5.878899,4043,2016-05-10 14:19:26,Class_B
GSM,604,2,inwi,35.462058,-6.003472,8752,2016-05-10 13:49:26,Class_B
GSM,604,2,inwi,35.087527,-6.196779,5996,2016-05-10 11:11:47,Class_B
GSM,604,1,IAM,35.32338,-6.024218,11577,2016-05-07 14:03:16,Class_B
GSM,604,2,inwi,35.08155,-6.180216,9586,2016-05-05 05:19:16,Class_B
GSM,604,2,inwi,35.088851,-6.19582,4427,2016-05-05 05:19:12,Class_B
GSM,604,2,inwi,35.155945,-6.149969,11466,2016-05-05 05:19:10,Class_B
GSM,604,2,inwi,35.331083,-6.020214,10277,2016-05-05 05:19:06,Class_B
GSM,604,2,inwi,35.311127,-6.022875,4434,2016-05-05 05:19:06,Class_B
GSM,604,2,inwi,35.656472,-5.949184,2947,2016-05-05 05:18:50,Class_B
UMTS,604,2,inwi,35.195503,-6.155434,1000,2016-05-05 05:18:29,Class_B
GSM,604,2,inwi,35.753403,-5.832864,2360,2016-05-05 05:18:25,Class_B
GSM,604,2,inwi,35.873844,-5.339994,5790,2016-05-05 05:17:53,Class_B
GSM,604,2,inwi,35.677964,-5.674157,12089,2016-04-28 12:12:59,Class_B
GSM,604,1,IAM,35.6888,-5.68774,7306,2016-04-26 14:31:29,Class_B
GSM,604,1,IAM,35.870143,-5.520753,21533,2016-04-26 07:23:22,Class_B
UMTS,604,0,Orange,35.761809,-5.831805,1000,2016-04-14 02:41:46,Class_B
GSM,604,2,inwi,35.670688,-5.76013,5907,2016-03-29 14:28:37,Class_B
GSM,604,0,Orange,35.126488,-6.17197,6381,2016-03-29 11:13:52,Class_B
GSM,604,0,Orange,35.141417,-6.158699,7118,2016-03-29 08:42:49,Class_B
GSM,604,2,inwi,35.80362,-5.575013,1436,2016-03-29 07:13:20,Class_B
GSM,604,1,IAM,35.876772,-5.519748,12625,2016-03-20 08:02:44,Class_B
GSM,604,1,IAM,35.82067,-5.563096,6358,2016-03-20 03:04:16,Class_B
GSM,604,1,IAM,35.806961,-5.5719,2492,2016-03-20 03:03:21,Class_B
GSM,604,1,IAM,35.751216,-5.622079,20370,2016-03-20 02:56:11,Class_B
GSM,604,1,IAM,35.759367,-5.617579,25484,2016-03-20 02:56:11,Class_B
GSM,604,1,IAM,35.759516,-5.620406,25267,2016-03-20 02:56:11,Class_B
GSM,604,1,IAM,35.76463,-5.609826,18712,2016-03-20 02:56:07,Class_B
GSM,604,1,IAM,35.703392,-5.700573,20078,2016-03-20 02:47:00,Class_B
GSM,604,1,IAM,35.684493,-5.699211,2064,2016-03-20 02:47:00,Class_B
GSM,604,1,IAM,34.596729,-6.434757,16136,2016-03-19 09:38:38,Class_B
GSM,604,1,IAM,34.529098,-6.460807,23645,2016-03-19 09:30:34,Class_B
GSM,604,1,IAM,34.846807,-6.268343,18939,2016-03-18 14:16:34,Class_B
GSM,604,1,IAM,35.781151,-5.597753,16304,2016-03-18 12:42:35,Class_B
GSM,604,1,IAM,35.744062,-5.636448,23949,2016-03-18 12:42:35,Class_B
GSM,604,1,IAM,35.749473,-5.62694,24232,2016-03-18 12:42:35,Class_B
GSM,604,1,IAM,35.797618,-5.581757,17191,2016-03-18 12:35:13,Class_B
GSM,604,1,IAM,35.80719,-5.571344,2119,2016-03-18 12:35:13,Class_B
GSM,604,1,IAM,35.767854,-5.615407,26107,2016-03-15 09:50:52,Class_B
GSM,604,1,IAM,35.133455,-6.155928,18589,2016-03-04 04:57:35,Class_B
GSM,604,2,inwi,35.151902,-6.151865,8437,2016-03-03 11:45:57,Class_B
GSM,604,2,inwi,35.104068,-6.183328,6299,2016-03-03 11:45:57,Class_B
GSM,604,1,IAM,35.653921,-5.88164,33427,2016-02-18 06:26:42,Class_B
GSM,604,1,IAM,35.625657,-5.916943,25194,2016-02-18 06:26:42,Class_B
GSM,604,1,IAM,35.544577,-5.950684,31283,2016-02-17 10:53:00,Class_B
GSM,604,1,IAM,35.667532,-5.819103,27967,2016-02-17 10:38:00,Class_B
GSM,604,1,IAM,35.659014,-5.866698,3165,2016-02-17 10:37:55,Class_B
GSM,604,0,Orange,35.881907,-5.506169,2652,2016-02-17 06:13:41,Class_B
GSM,604,0,Orange,35.878064,-5.516361,1000,2016-02-03 14:37:00,Class_B
GSM,604,1,IAM,35.684903,-5.697631,10294,2016-02-02 16:01:31,Class_B
GSM,604,1,IAM,35.688143,-5.687554,11238,2016-02-02 16:01:31,Class_B
GSM,604,1,IAM,35.708528,-5.676702,23895,2016-02-02 16:01:31,Class_B
GSM,604,1,IAM,35.659193,-5.849247,30649,2016-02-02 15:45:09,Class_B
GSM,604,1,IAM,35.644203,-5.867037,32915,2016-02-02 15:45:09,Class_B
GSM,604,2,inwi,35.085254,-6.191344,7266,2016-02-02 12:41:35,Class_B
GSM,604,2,inwi,35.086899,-6.19986,1000,2016-02-02 12:41:35,Class_B
GSM,604,2,inwi,35.131203,-6.166418,5783,2016-02-02 12:41:35,Class_B
GSM,604,1,IAM,35.779517,-5.600983,20293,2016-02-02 02:56:02,Class_B
GSM,604,1,IAM,35.681952,-5.710652,2628,2016-02-02 02:48:36,Class_B
GSM,604,1,IAM,35.691306,-5.749819,20201,2016-02-02 02:26:33,Class_B
GSM,604,1,IAM,35.693587,-5.74374,19841,2016-02-02 02:26:29,Class_B
GSM,604,1,IAM,35.666804,-5.920009,10399,2016-02-02 02:09:49,Class_B
GSM,604,1,IAM,35.467596,-6.004926,21653,2016-02-02 02:01:55,Class_B
GSM,604,1,IAM,35.854058,-5.537205,8515,2016-02-01 10:17:02,Class_B
GSM,604,1,IAM,35.69309,-5.738866,11365,2016-01-31 13:57:19,Class_B
GSM,604,1,IAM,35.669178,-5.787102,4491,2016-01-28 13:30:52,Class_B
GSM,604,1,IAM,35.760499,-5.613742,4764,2016-01-28 13:18:34,Class_B
GSM,604,1,IAM,35.799098,-5.594083,22098,2016-01-28 13:14:06,Class_B
GSM,604,1,IAM,35.872659,-5.517672,5147,2016-01-20 10:21:07,Class_B
GSM,604,1,IAM,35.79656,-5.581951,17092,2016-01-19 11:08:26,Class_B
GSM,604,1,IAM,35.87246,-5.520246,24796,2016-01-14 02:49:58,Class_B
GSM,604,1,IAM,35.87304,-5.519192,24903,2016-01-14 02:49:58,Class_B
GSM,604,1,IAM,35.858528,-5.530836,23662,2016-01-14 01:19:45,Class_B
GSM,604,1,IAM,35.834968,-5.550577,22168,2016-01-14 01:12:11,Class_B
GSM,604,1,IAM,35.83123,-5.549769,12695,2016-01-12 10:52:48,Class_B
GSM,604,2,inwi,35.221578,-6.073859,20438,2016-01-09 02:11:11,Class_B
GSM,604,0,Orange,35.086784,-6.20018,1000,2016-01-05 09:55:38,Class_B
GSM,604,2,inwi,35.095879,-6.195923,10212,2016-01-05 09:55:38,Class_B
GSM,604,2,inwi,35.083091,-6.201407,6509,2015-12-20 08:45:14,Class_B
GSM,604,1,IAM,35.878626,-5.509943,16437,2015-12-16 09:00:06,Class_B
GSM,604,1,IAM,35.88812,-5.490667,7313,2015-12-16 06:16:52,Class_B
GSM,604,1,IAM,35.884224,-5.501548,17632,2015-12-16 04:36:08,Class_B
GSM,604,1,IAM,35.139089,-6.147281,14343,2015-12-15 12:39:39,Class_B
GSM,604,1,IAM,35.889878,-5.490054,12472,2015-12-15 03:57:23,Class_B
GSM,604,1,IAM,35.875467,-5.517078,2636,2015-12-14 07:07:11,Class_B
GSM,604,1,IAM,35.885073,-5.499352,17827,2015-12-14 07:07:11,Class_B
GSM,604,1,IAM,35.878327,-5.512986,1932,2015-12-09 06:16:27,Class_B
GSM,604,1,IAM,35.885034,-5.498917,17847,2015-12-09 06:04:37,Class_B
GSM,604,1,IAM,35.88959,-5.487641,13865,2015-12-09 05:55:42,Class_B
GSM,604,1,IAM,35.885943,-5.493957,1464,2015-12-09 05:55:42,Class_B
GSM,604,1,IAM,35.886419,-5.497546,18045,2015-12-09 05:55:39,Class_B
GSM,604,1,IAM,35.885956,-5.498215,17967,2015-12-09 05:52:05,Class_B
GSM,604,0,Orange,35.88132,-5.330594,1000,2015-11-27 15:59:14,Class_B
GSM,604,1,IAM,35.888637,-5.493482,2873,2015-11-24 14:30:26,Class_B
GSM,604,1,IAM,35.64007,-5.918224,23204,2015-11-21 11:49:35,Class_B
GSM,604,1,IAM,35.675042,-5.937188,18470,2015-11-21 11:49:31,Class_B
GSM,604,1,IAM,35.621871,-5.926294,16201,2015-11-21 11:41:46,Class_B
GSM,604,1,IAM,35.60035,-5.924897,27721,2015-11-21 11:41:46,Class_B
GSM,604,1,IAM,35.592054,-5.928029,27562,2015-11-21 11:41:43,Class_B
GSM,604,1,IAM,35.0278,-6.197166,13773,2015-11-21 10:31:43,Class_B
GSM,604,1,IAM,34.865877,-6.228871,14812,2015-11-21 10:23:39,Class_B
GSM,604,1,IAM,34.855323,-6.240585,21150,2015-11-21 10:23:39,Class_B
GSM,604,1,IAM,34.872559,-6.235491,17077,2015-11-21 10:23:39,Class_B
GSM,604,1,IAM,34.855364,-6.230493,14715,2015-11-21 10:23:39,Class_B
GSM,604,1,IAM,34.873033,-6.21602,13828,2015-11-21 10:23:35,Class_B
GSM,604,1,IAM,34.845066,-6.24696,21665,2015-11-21 10:21:47,Class_B
GSM,604,1,IAM,34.725632,-6.354142,15865,2015-11-21 09:30:58,Class_B
GSM,604,1,IAM,34.706085,-6.369203,24394,2015-11-21 09:22:54,Class_B
GSM,604,1,IAM,34.63635,-6.411235,15749,2015-11-21 09:22:51,Class_B
GSM,604,1,IAM,34.541981,-6.447216,25311,2015-11-21 09:12:48,Class_B
GSM,604,1,IAM,34.54294,-6.458055,25203,2015-11-21 09:12:44,Class_B
GSM,604,1,IAM,35.676291,-5.921818,1981,2015-11-20 10:21:00,Class_B
GSM,604,1,IAM,35.654482,-5.935513,17472,2015-11-20 10:21:00,Class_B
GSM,604,1,IAM,35.667086,-5.902258,21150,2015-11-20 10:21:00,Class_B
GSM,604,1,IAM,35.662283,-5.870139,32135,2015-11-20 10:21:00,Class_B
GSM,604,1,IAM,35.64719,-5.900283,27987,2015-11-20 10:19:23,Class_B
GSM,604,1,IAM,35.147989,-6.148934,16974,2015-11-17 04:09:48,Class_B
GSM,604,1,IAM,35.157456,-6.143934,30410,2015-11-03 12:23:40,Class_B
GSM,604,1,IAM,35.139636,-6.161006,7036,2015-11-03 12:23:40,Class_B
GSM,604,1,IAM,35.155151,-6.143417,1878,2015-11-03 12:23:40,Class_B
GSM,604,1,IAM,35.149196,-6.142419,1543,2015-11-03 12:23:40,Class_B
GSM,604,1,IAM,35.144703,-6.146667,8037,2015-11-03 12:23:40,Class_B
GSM,604,1,IAM,35.129679,-6.166417,16794,2015-11-03 12:23:40,Class_B
GSM,604,1,IAM,35.595634,-5.921973,29235,2015-11-01 02:20:57,Class_B
GSM,604,1,IAM,35.134175,-6.153445,21521,2015-11-01 01:40:33,Class_B
GSM,604,1,IAM,35.128571,-6.166054,33625,2015-11-01 01:34:54,Class_B
GSM,604,1,IAM,35.086781,-6.176375,11093,2015-11-01 01:34:54,Class_B
GSM,604,1,IAM,35.086994,-6.195042,19831,2015-11-01 01:34:54,Class_B
GSM,604,1,IAM,35.076667,-6.197729,15818,2015-11-01 01:34:51,Class_B
GSM,604,1,IAM,35.05963,-6.194471,22317,2015-11-01 01:26:49,Class_B
GSM,604,1,IAM,35.048295,-6.189122,13243,2015-11-01 01:26:49,Class_B
GSM,604,1,IAM,35.083795,-6.192828,13877,2015-10-30 15:07:04,Class_B
GSM,604,1,IAM,35.1172,-6.174843,35614,2015-10-30 15:07:04,Class_B
GSM,604,1,IAM,35.087118,-6.192793,16997,2015-10-27 09:15:09,Class_B
GSM,604,1,IAM,35.541418,-5.962838,24997,2015-10-27 07:58:59,Class_B
GSM,604,1,IAM,35.536636,-5.963369,25933,2015-10-27 07:55:01,Class_B
GSM,604,1,IAM,35.568375,-5.946437,25728,2015-10-27 07:46:55,Class_B
GSM,604,1,IAM,35.494599,-5.994392,24799,2015-10-24 12:30:08,Class_B
GSM,604,1,IAM,35.505722,-5.990877,25058,2015-10-24 12:30:08,Class_B
GSM,604,1,IAM,35.461841,-6.002901,25908,2015-10-24 12:30:08,Class_B
GSM,604,1,IAM,35.122571,-6.174916,31433,2015-10-19 11:43:11,Class_B
GSM,604,1,IAM,35.143952,-6.157606,7672,2015-10-19 11:43:11,Class_B
UMTS,604,1,IAM,35.615616,-5.275635,1000,2015-10-04 07:53:04,Class_B
GSM,604,1,IAM,35.873185,-5.453108,3350,2015-09-27 04:18:32,Class_B
GSM,604,1,IAM,35.875421,-5.475307,5802,2015-09-27 04:18:32,Class_B
GSM,604,1,IAM,35.409277,-6.015803,29243,2015-09-27 04:18:29,Class_B
GSM,604,1,IAM,35.869592,-5.43188,4923,2015-09-26 02:32:40,Class_B
UMTS,604,1,IAM,35.192436,-6.158936,1042,2015-09-22 08:23:03,Class_B
UMTS,604,1,IAM,35.192881,-6.157091,1000,2015-09-22 08:23:03,Class_B
GSM,604,1,IAM,35.501129,-5.992452,30377,2015-09-11 10:06:00,Class_B
UMTS,604,1,IAM,35.060701,-5.194368,1000,2015-08-26 15:22:42,Class_B
UMTS,604,1,IAM,35.160221,-6.144373,1000,2015-08-10 07:49:20,Class_B
UMTS,604,1,IAM,35.825501,-5.713087,1000,2015-08-01 17:53:14,Class_B
GSM,604,1,IAM,35.179682,-5.278673,1160,2015-07-25 07:31:04,Class_B
GSM,604,1,IAM,35.492201,-5.990571,24635,2015-07-23 01:44:11,Class_B
GSM,604,1,IAM,35.225795,-6.081153,21416,2015-07-23 01:14:11,Class_B
GSM,604,1,IAM,35.154116,-6.150368,19639,2015-07-22 03:49:28,Class_B
GSM,604,1,IAM,35.158923,-6.147455,19049,2015-07-22 03:49:28,Class_B
GSM,604,1,IAM,35.161182,-6.140324,19920,2015-07-22 03:49:28,Class_B
GSM,604,1,IAM,35.16078,-6.145959,11339,2015-07-22 03:49:28,Class_B
GSM,604,1,IAM,35.157525,-6.145308,6612,2015-07-22 03:49:28,Class_B
GSM,604,1,IAM,35.160623,-6.146212,1419,2015-07-22 03:49:24,Class_B
GSM,604,1,IAM,35.15209,-6.144328,20963,2015-07-22 03:40:56,Class_B
GSM,604,1,IAM,35.126939,-6.165967,22940,2015-07-22 03:40:56,Class_B
GSM,604,1,IAM,35.168635,-6.129201,18671,2015-07-22 03:40:56,Class_B
UMTS,604,1,IAM,35.611324,-5.272837,1000,2015-07-18 07:58:36,Class_B
GSM,604,0,Orange,35.877485,-5.516596,1000,2015-07-01 10:50:47,Class_B
GSM,604,1,IAM,35.346214,-6.014469,10317,2015-07-01 04:26:45,Class_B
GSM,604,1,IAM,35.325958,-6.022572,7697,2015-07-01 04:26:45,Class_B
GSM,604,1,IAM,35.318035,-6.023522,5178,2015-07-01 04:26:45,Class_B
GSM,604,1,IAM,35.322693,-6.018999,3723,2015-07-01 04:26:41,Class_B
GSM,604,1,IAM,35.228277,-6.091118,21139,2015-07-01 04:11:45,Class_B
GSM,604,1,IAM,35.157884,-6.128789,15588,2015-07-01 04:11:45,Class_B
GSM,604,1,IAM,35.124262,-6.160474,9381,2015-07-01 04:11:41,Class_B
GSM,604,1,IAM,35.116596,-6.172037,14545,2015-07-01 03:37:38,Class_B
GSM,604,1,IAM,35.12677,-6.170637,5424,2015-07-01 03:37:38,Class_B
GSM,604,1,IAM,35.089889,-6.191565,6494,2015-07-01 03:37:38,Class_B
GSM,604,1,IAM,35.235013,-6.08869,19382,2015-07-01 02:34:59,Class_B
GSM,604,1,IAM,35.222495,-6.103528,17493,2015-07-01 02:34:59,Class_B
GSM,604,1,IAM,35.225817,-6.094936,18410,2015-07-01 02:34:59,Class_B
GSM,604,1,IAM,35.160837,-6.147447,11416,2015-06-30 14:19:11,Class_B
GSM,604,1,IAM,35.30122,-6.046179,8030,2015-06-17 02:26:28,Class_B
GSM,604,1,IAM,35.410309,-6.01886,8187,2015-06-11 08:20:03,Class_B
GSM,604,1,IAM,35.273417,-6.064392,3258,2015-06-11 08:20:03,Class_B
GSM,604,1,IAM,35.335831,-6.012589,3519,2015-06-11 08:20:03,Class_B
GSM,604,1,IAM,35.21965,-6.06743,7308,2015-06-11 08:20:03,Class_B
GSM,604,1,IAM,35.167238,-6.139163,6638,2015-06-11 08:20:03,Class_B
GSM,604,1,IAM,35.509989,-5.982675,23841,2015-06-05 10:06:59,Class_B
GSM,604,1,IAM,35.694183,-5.743961,22633,2015-05-25 10:11:58,Class_B
UMTS,604,1,IAM,35.192597,-6.159627,1091,2015-05-23 07:12:47,Class_B
UMTS,604,1,IAM,35.193054,-6.156464,1000,2015-05-23 07:12:18,Class_B
UMTS,604,1,IAM,35.192642,-6.158094,1000,2015-05-23 07:12:18,Class_B
GSM,604,1,IAM,35.609148,-5.907203,24521,2015-05-20 05:12:35,Class_B
UMTS,604,1,IAM,35.731982,-5.890207,1628,2015-05-02 19:41:25,Class_B
UMTS,604,1,IAM,35.508499,-5.962281,2722,2015-05-01 03:34:18,Class_B
GSM,604,0,Orange,35.100748,-6.186339,7713,2015-04-30 18:35:48,Class_B
GSM,604,0,Orange,35.12453,-6.167186,5396,2015-04-30 18:35:47,Class_B
UMTS,604,1,IAM,35.819235,-5.714375,1217,2015-04-29 21:06:11,Class_B
GSM,604,1,IAM,35.155926,-6.151772,11253,2015-04-21 12:30:57,Class_B
UMTS,604,1,IAM,35.510034,-5.961174,2590,2015-04-15 17:51:09,Class_B
UMTS,604,1,IAM,35.777719,-5.851071,1000,2015-04-14 12:15:03,Class_B
UMTS,604,1,IAM,35.771567,-5.858102,1013,2015-04-14 12:15:03,Class_B
GSM,604,1,IAM,35.672625,-5.790617,25565,2015-04-01 02:04:18,Class_B
GSM,604,1,IAM,35.10805,-6.186275,8960,2015-03-31 09:33:08,Class_B
GSM,604,2,inwi,35.198007,-6.100328,15486,2015-03-13 13:45:32,Class_B
GSM,604,1,IAM,35.872187,-5.519579,32070,2015-01-20 10:46:12,Class_B
UMTS,604,1,IAM,35.756871,-5.80864,68956,2015-01-01 16:28:38,Class_B
